COMPOUND,Works.on.Pgp,4ksb_dbd,transition_dbd,3b5x_dbd,3b5z_nbd_1,3b5z_nbd_2,2hyd_nbd_1,2hyd_nbd_2,transition_nbd,2HYD_NBD_DBD,p450_3a4_uneq,p450_3a4_eq,bcrp_nbd_1,msba_dbd,msba_nbd_1,msba_nbd_2,msba_nbd_mean,pgp_dbd_mean,pgp_nbd_mean,pgp_ratio,msba_ratio,msbaNBD_to_pgpDBD_ratio,msbaNBD_pgpNBD_ratio,bcrpNBD_to_pgp_DBD_ratio,bcrpNBD_pgpNBD_ratio,p450_mean,notes,TARGET,Purchased,"Actual.Toxicity.(1.is.lethal,.0.is.no.effect)",Pgp.15.micromolar.efficacy.(higher.number.the.better),10.micromolar.bcrp.fold.inhibition.(higher.number.is.better),10.micromolar.P450.Inhibiton.(closer.to.zero.is.better),MW,xlogP,Apolar.Desolvation.(kcal/mol,polar.desolvation.(kcal/mol),H-bond.donors,H-bond.Acceptors,tPSA,Net.Charge,Rotatable.Bonds,SMILES,MOLECULEID,logPow.{predicted.by.ochem.eu/model/4.in.Log.unit},Aqueous.Solubility.{predicted.by.ochem.eu/model/4.in.log(mol/L)},AMES.{predicted.by.ochem.eu/model/1},Numeric.prediction.for.AMES.{predicted.by.ochem.eu/model/1},CYP450.3A4.modulation.{predicted.by.ochem.eu/model/163},Numeric.prediction.for.CYP450.modulation.{predicted.by.ochem.eu/model/163},CYP450.modulation.{predicted.by.ochem.eu/model/162},Numeric.prediction.for.CYP450.modulation.{predicted.by.ochem.eu/model/162},CYP450.modulation.{predicted.by.ochem.eu/model/161},Numeric.prediction.for.CYP450.modulation.{predicted.by.ochem.eu/model/161},CYP450.modulation.{predicted.by.ochem.eu/model/160},Numeric.prediction.for.CYP450.modulation.{predicted.by.ochem.eu/model/160},CYP450.modulation.{predicted.by.ochem.eu/model/159},Numeric.prediction.for.CYP450.modulation.{predicted.by.ochem.eu/model/159},Aqueous.Solubility.{predicted.by.ochem.eu/model/511.in.log(mol/L)},3b5x_dbd_ori_variance,3b5x_dbd_ori_Kd,3b5z_dbd_1_ori_variance,3b5z_dbd_1_ori_Kd,4ksb_dbd_ori_variance,4ksb_dbd_ori_Kd,mdr1_6_nbd_ori_variance,mdr1_6_nbd_ori_Kd,transition_2_dbd_ori_variance,transition_2_dbd_ori_Kd,mdr1_6_dbd_ori_variance,mdr1_6_dbd_ori_Kd,3b5x_nbd_ori_variance,3b5x_nbd_ori_Kd,2hyd_nbd_2_ori_variance,2hyd_nbd_2_ori_Kd,2hyd_nbd_1_ori_variance,2hyd_nbd_1_ori_Kd,transition_1_dbd_ori_variance,transition_1_dbd_ori_Kd,2hyd_dbd_1_ori_variance,2hyd_dbd_1_ori_Kd,4ksb_nbd_ori_variance,4ksb_nbd_ori_Kd,3b5z_dbd_2_ori_variance,3b5z_dbd_2_ori_Kd,2hyd_dbd_2_ori_variance,2hyd_dbd_2_ori_Kd,3b5z_nbd_2_ori_variance,3b5z_nbd_2_ori_Kd,transition_1_nbd_ori_variance,transition_1_nbd_ori_Kd,transition_2_nbd_ori_variance,transition_2_nbd_ori_Kd
ZINC23175200,FALSE,2.84E-08,2.40E-08,3.57E-07,1.71E-08,3.01E-07,3.98E-08,9.25E-08,3.01E-07,9.25E-08,1.53E-07,7.81E-08,2.15E-07,1.09E-07,3.98E-08,5.91E-07,3.16E-07,1.36E-07,1.50E-07,0.906589619,0.346779957,0.431854177,0.476350234,0.634159368,0.699499922,1.16E-07,12,PGP,Yes,0.008231841,0.189239737,N/A,2.48E-02,474.517,4.569,7.23,-14.24,2,7,119,0,6,Cc1cc(-c2cc(C(=O)Nc3ccccc3C(=O)NC[C@@H]3CCCO3)c3c(C)noc3n2)c(C)o1,M95343222,2.94,-5.29,inactive,0.198,Inhibitor,0.25,Noninhibitor,0.734,Inhibitor,0.266,Inhibitor,0.234,Noninhibitor,0.531,-5.24,0.719760736,-8.8,236.5801507,-8.8,1.464366686,-11,95.32590313,-11,12.15188908,-10.4,46.53670973,-9,97.80669991,-8.5,94.57122543,-9.6,150.93596,-10.1,131.6550961,-9.9,74.95358681,-8.8,642.1069303,-10.4,134.4990172,-8.1,150.328851,-8.9,NA,NA,207.066024,-8.8,638.2957514,-9.2
ZINC9446321,FALSE,4.22E-07,2.15E-07,5.91E-07,1.82E-07,5.00E-07,4.22E-07,1.53E-07,1.82E-07,9.81E-07,1.16E-06,1.38E-06,2.54E-07,4.22E-07,1.30E-07,1.63E-06,8.79E-07,4.10E-07,2.88E-07,1.423600945,0.480392541,0.466071685,0.327389278,1.609422269,1.130529082,1.27E-06,13,PGP,Yes,0.01198946,0.008742568,N/A,2.90E-02,352.394,2.582,6.66,-12.44,1,6,78,0,4,CC(C)n1ncc2cc(C(=O)NC[C@H]3COc4ccccc4O3)cnc21,M95343223,2.56,-3.77,inactive,0.218,Inhibitor,0.406,Noninhibitor,0.641,Inhibitor,0.219,Noninhibitor,0.625,Inhibitor,0.188,-3.33,186.6583734,-8.5,169.0381823,-8.2,61.37846923,-8.7,83.03793922,-9.1,56.15900413,-9.1,95.98260757,-8.3,208.8426114,-9.1,105.7420708,-9.3,179.2617721,-8.7,50.72466909,-8.6,113.6281803,-8.1,684.9956199,-9,175.2054731,-8.1,101.1958201,-8.2,NA,NA,329.9070599,-9.3,622.0138773,-9
ZINC25220272,FALSE,9.25E-08,5.57E-08,7.81E-08,1.45E-08,2.84E-08,1.71E-08,1.22E-08,1.82E-07,1.30E-07,7.81E-08,1.82E-07,7.81E-08,1.30E-07,7.81E-08,3.01E-07,1.90E-07,7.54E-08,5.07E-08,1.486543065,0.683186247,0.397750321,0.267567305,0.965795031,0.649691929,1.30E-07,14,PGP,Yes,0.033103269,0.031065938,N/A,0.199302771,497.58,3.833,9.85,-22.08,2,8,104,0,6,CSc1ccc(N2C[C@@H](C(=O)NNC(=O)c3cc(-c4ccccn4)nc4ccccc43)CC2=O)cc1,M95343224,2.96,-4.76,inactive,0.25,Inhibitor,0.391,Noninhibitor,0.781,Inhibitor,0.266,Inhibitor,0.172,Noninhibitor,0.703,-5.06,129.2482175,-10,157.2156146,-8.8,2.58609961,-10.3,209.5650548,-10.3,12.52531918,-10,60.53177365,-8.9,190.2453722,-10.3,114.5714731,-10.8,100.2079876,-10.6,121.9240436,-10.7,111.0717807,-8.5,643.9479411,-9.7,NA,NA,133.1536616,-10,126.9018806,-11.1,261.9739429,-9.3,538.8902607,-9.3
ZINC4741719,FALSE,4.22E-07,8.29E-07,5.91E-07,7.81E-08,3.01E-07,5.57E-08,6.60E-08,1.53E-07,7.00E-07,4.22E-07,3.57E-07,6.60E-08,3.57E-07,1.82E-07,9.81E-07,5.81E-07,6.14E-07,1.31E-07,4.692370641,0.613290696,1.05635154,0.225121079,9.307947015,1.983634228,3.89E-07,16,PGP,Yes,-0.02439121,0.041226546,N/A,0.398636267,358.345,2.58,0.86,-44.55,2,10,135,-1,4,c1ccc2c(c1)nc(n2Cc3ccc(cc3)c4n[n-]nn4)c5c(non5)N,M95343225,2.25,-3.6,active,0.817,Inhibitor,0.312,Noninhibitor,0.594,Noninhibitor,0.531,Noninhibitor,0.625,Noninhibitor,0.703,-4.47,94.2421468,-8.7,137.2743512,-9,112.9423568,-9.8,158.3532021,-11.2,69.50769236,-8.4,117.1283908,-8.7,186.7264878,-10.2,238.7818372,-9.8,150.3826278,-9.9,177.553459,-9.3,94.57535015,-8.1,591.9341981,-9.3,145.6204243,-8.3,174.704814,-8.6,NA,NA,330.5211313,-9.3,467.3995521,-9.3
ZINC25376436,TRUE,8.29E-07,1.53E-07,3.01E-07,1.53E-07,5.00E-07,2.54E-07,6.60E-08,2.15E-07,7.00E-07,2.54E-07,2.54E-07,1.93E-06,7.00E-07,5.00E-07,2.70E-06,1.60E-06,4.28E-07,2.38E-07,1.799972408,0.437647059,0.267404186,0.148560158,0.222032783,0.123353437,2.54E-07,17,PGP,Yes,-0.013518944,0.747641669,N/A,0.207089262,454.785,4.24,8.76,-11.68,1,5,53,0,4,Cc1ccc(c(c1Cl)NC(=O)[C@@H](C)N2CCN(CC2)C(=O)c3cccc(c3)Cl)Cl,M95343226,5.05,-6.01,inactive,0.112,Inhibitor,0.297,Noninhibitor,0.5,Inhibitor,9.38E-02,Inhibitor,0.156,Noninhibitor,0.719,-6.14,88.17397631,-8.9,144.8333739,-7.7,1.523742324,-9.8,59.6255229,-9.6,19.65462192,-9.3,63.30233648,-7.8,187.456434,-8.2,150.6337442,-9.8,66.97344832,-9,130.5851409,-8.4,88.97066927,-8.4,718.4866733,-8.4,NA,NA,115.5335683,-8.3,213.6725083,-8.6,242.721679,-9,408.8297894,-9
ZINC12783661,FALSE,2.54E-07,4.71E-08,2.54E-07,4.71E-08,2.54E-07,3.98E-08,6.60E-08,9.25E-08,3.57E-07,4.22E-07,5.57E-08,2.54E-07,2.54E-07,2.54E-07,3.57E-07,3.06E-07,1.85E-07,9.99E-08,1.854178323,0.83286961,0.606620474,0.327164042,0.728349872,0.392815439,2.39E-07,18,PGP,Yes,0.014901215,0.269035038,N/A,7.11E-02,479.558,4.28,9.96,-27.19,1,8,102,0,7,Cc1c(c(on1)C)COc2cc3ccccc3cc2C(=O)Nc4cccc(c4)S(=O)(=O)N(C)C,M1803414,3.92,-5.59,inactive,0.158,Inhibitor,0.25,Noninhibitor,0.672,Inhibitor,0.297,Inhibitor,0.234,Inhibitor,0.375,-5.35,1.149740773,-8.9,200.9720963,-7.7,61.83557475,-10.6,5.057021627,-10.5,6.651679866,-9.9,84.07049768,-8.1,192.9069775,-9.1,142.0314284,-9.8,185.3054067,-10,112.5447057,-9.2,133.438832,-8.1,436.7058092,-9.1,145.6081656,-8.6,127.0548577,-7.9,NA,NA,269.2870244,-9.4,514.7652962,-9.9
ZINC9973259,FALSE,3.01E-07,1.53E-07,6.60E-08,3.36E-08,5.57E-08,3.98E-08,3.98E-08,1.82E-07,9.25E-08,1.30E-07,9.25E-08,3.01E-07,3.01E-07,9.25E-08,5.00E-07,2.96E-07,1.74E-07,7.01E-08,2.47565439,1.017372323,0.586104684,0.236747377,0.576096549,0.232704755,1.11E-07,19,PGP,Yes,-0.053004785,-0.05093435,N/A,0.304622296,468.417,4.69,11.91,-135.37,0,8,133,-2,5,COC(=O)c1ccc(cc1)C(c2c(c3ccccc3oc2=O)[O-])c4c(c5ccccc5oc4=O)[O-],M3157309,2.51,-4.21,inactive,0.227,Inhibitor,0.406,Noninhibitor,0.688,Inhibitor,0.469,Inhibitor,0.203,Inhibitor,0.469,-5.03,49.49815863,-9.3,122.5112331,-9.2,117.2741988,-10,156.5792812,-10.1,48.04258676,-9,94.88946227,-8.4,158.8827557,-9.4,135.490255,-9.2,90.49755845,-9.7,176.1413514,-9.3,88.44211984,-9,459.6469442,-10,91.92088823,-9.4,145.6935912,-9.4,NA,NA,302.5464246,-9,458.6461946,-9.2
ZINC9463157,TRUE,4.22E-07,1.09E-07,9.25E-08,3.98E-08,1.30E-07,1.71E-08,1.53E-07,1.53E-07,3.57E-07,1.53E-07,1.82E-07,3.01E-07,8.29E-07,1.30E-07,9.25E-08,1.11E-07,2.08E-07,9.86E-08,2.108607692,7.466247235,1.873617611,0.888556756,0.690566773,0.327498935,1.67E-07,20,PGP,Yes,0.087020107,0.727468994,N/A,4.49E-02,424.508,2.93,-0.85,-15.74,0,7,67,0,4,Cc1ccccc1c2c(cn(n2)c3ccccc3)C(=O)N4CCN(CC4)c5ncccn5,M1702853,3.3,-4.96,inactive,2.51E-02,Noninhibitor,0.719,Noninhibitor,0.719,Inhibitor,0.141,Inhibitor,0.156,Inhibitor,0.406,-4.96,7.359491391,-9.6,152.2247987,-8.7,18.32549593,-10.1,8.343726523,-10.5,36.39098674,-9.5,76.1246376,-9.2,132.6399151,-8.7,108.806046,-9.4,151.1581898,-10.5,173.2125408,-9.4,133.6179645,-8.6,503.5689637,-9.5,76.88709689,-8.5,153.5324274,-8.9,NA,NA,239.4636365,-9.3,454.047018,-9.3
ZINC9835648,TRUE,3.57E-07,5.57E-08,1.30E-07,4.71E-08,1.30E-07,4.71E-08,2.03E-08,1.82E-07,1.82E-07,1.82E-07,2.15E-07,3.01E-07,2.54E-07,9.25E-08,5.91E-07,3.42E-07,1.81E-07,8.51E-08,2.122148897,0.744039035,0.528174937,0.248886842,0.599668018,0.282575845,1.98E-07,21,PGP,Yes,0.024010758,0.692424241,N/A,0.196817371,429.524,3.26,-1.87,-17.71,0,7,77,0,4,CC(C)n1c2c(cn1)c(cc(n2)C3CC3)C(=O)N4CCC(CC4)c5nc6ccccc6o5,M1933994,3.99,-4.68,inactive,0.152,Noninhibitor,0.5,Noninhibitor,0.828,Inhibitor,0.359,Inhibitor,0.219,Inhibitor,0.297,-5.39,40.55640543,-9.4,158.4188012,-8.3,49.75344617,-9.8,214.7234261,-10.4,47.2242394,-9.9,99.88463594,-8.8,195.9029957,-9.5,125.2840348,-10.5,130.3272174,-10,109.3901566,-9.5,112.2121006,-9.2,713.7646953,-9.9,NA,NA,154.9725509,-9.2,NA,NA,230.9781875,-9.2,484.0450322,-8.8
ZINC12407560,TRUE,2.70E-06,2.54E-07,3.57E-07,7.81E-08,3.57E-07,1.82E-07,2.54E-07,2.28E-06,7.00E-07,4.22E-07,7.00E-07,3.20E-06,9.81E-07,5.00E-07,9.81E-07,7.40E-07,1.10E-06,6.30E-07,1.751022471,1.325177731,1.490635642,0.851294411,0.34530201,0.197200216,5.61E-07,22,PGP,Yes,0.040901591,0.74616723,N/A,4.71E-02,442.629,4.79,-2.16,-15.43,0,6,58,0,4,CCCn1c(=O)c2c3c(sc2nc1N4CCN(CC4)C(=O)C5CCCCC5)CCCC3,M8816369,4.23,-5.66,inactive,8.42E-02,Noninhibitor,0.531,Noninhibitor,0.594,Inhibitor,0.328,Inhibitor,0.438,Noninhibitor,0.578,-5.13,135.2753284,-9.5,133.0989387,-7.7,26.94333224,-9.4,235.6619072,-9.5,40.58231462,-9,56.72955663,-7.9,198.0042807,-8.6,108.0984944,-8.9,134.3807605,-9.2,104.5547613,-9.2,121.8020485,-8.2,725.4576337,-10,213.3849305,-8.2,137.3912399,-8,NA,NA,204.2456964,-7.7,569.8564423,-8.8
ZINC5624126,FALSE,3.01E-07,2.54E-07,1.30E-07,5.57E-08,3.01E-07,4.71E-08,1.30E-07,1.30E-07,5.91E-07,3.57E-07,2.15E-07,5.00E-07,5.00E-07,7.81E-08,5.91E-07,3.35E-07,2.28E-07,1.33E-07,1.722083049,1.492424396,0.682220323,0.396159943,0.4571222,0.265447244,2.86E-07,25,PGP,Yes,0.047600559,0.111015803,N/A,8.90E-03,419.51,4.44,13.08,-14,1,7,86,0,6,Cc1ccc(cc1C)n2c(nnc2SCC(=O)Nc3cc(on3)C)c4ccccc4,M1612930,3.74,-5.16,active,0.504,Inhibitor,7.81E-02,Noninhibitor,0.766,Inhibitor,6.25E-02,Inhibitor,0.172,Noninhibitor,0.656,-5.93,9.483895016,-9.4,117.8558852,-8.5,102.0626174,-10.2,175.2936807,-9.8,14.19542397,-8.9,43.70610529,-8.9,74.30907459,-9.6,160.8376975,-9.4,93.2749093,-10,114.7456964,-9.7,52.22887894,-8.6,143.3010802,-9,161.5495069,-8.5,141.4660322,-9.1,NA,NA,283.3678227,-9.2,420.4960492,-9
ZINC9853154,TRUE,9.25E-08,3.36E-08,7.81E-08,3.98E-08,5.57E-08,4.71E-08,1.30E-07,5.91E-07,1.82E-07,4.71E-08,2.15E-07,4.22E-07,3.01E-07,3.57E-07,3.57E-07,3.57E-07,6.81E-08,1.73E-07,0.39400172,0.844751203,0.190869322,0.484437789,0.161237089,0.409229405,1.31E-07,26,PGP,Yes,-0.000446182,0.749024898,N/A,0.191798401,470.598,3.54,-1.16,-20.65,1,6,67,0,6,c1ccc(cc1)Cn2cc(c(n2)c3cccs3)C(=O)N4CCC(CC4)NC(=O)c5ccccc5,M2302409,3.85,-5.78,inactive,9.50E-02,Inhibitor,0.375,Inhibitor,0.406,Inhibitor,0.203,Inhibitor,7.81E-02,Noninhibitor,0.797,-5.38,9.652154064,-9.7,121.0201589,-8.7,65.40192525,-9.9,157.95313,-11.6,6.389063379,-10.2,80.62683269,-8.7,162.806383,-9.7,105.9380899,-9.5,109.1676228,-10,111.2443697,-9.9,93.20398454,-9.3,775.6172514,-9.8,151.090819,-8.8,154.4690877,-8.7,NA,NA,187.407295,-8.7,459.5880077,-9.8
ZINC24175227,FALSE,1.82E-07,6.60E-08,1.53E-07,2.03E-08,7.81E-08,1.45E-08,3.36E-08,1.09E-07,1.30E-07,2.15E-07,1.09E-07,9.25E-08,2.15E-07,6.60E-08,8.29E-07,4.47E-07,1.34E-07,5.12E-08,2.611583748,0.480392541,0.298696857,0.114373838,1.44540749,0.553460134,1.62E-07,27,PGP,Yes,0.049113197,0.038320526,N/A,0.14924504,459.893,3.35,9.1,-12.46,0,8,96,0,7,Cc1nnc(o1)COC(=O)c2cc(nc3c2cnn3Cc4ccc(cc4)Cl)c5ccccc5,M2130750,3.6,-5.57,inactive,0.118,Inhibitor,0.375,Noninhibitor,0.844,Inhibitor,9.38E-02,Inhibitor,0.172,Inhibitor,0.172,-5.54,57.64067268,-9.3,118.1109547,-9.1,1.653102368,-10.7,49.09513896,-12.8,42.18375596,-9.9,93.16228127,-9.2,188.6016155,-9.5,106.9806549,-10.3,132.9847433,-10.7,64.30842186,-9.7,72.78537872,-9.7,348.2922687,-10,102.8433078,-8.7,115.2874167,-9.2,NA,NA,253.3109965,-9.6,418.0720965,-9.9
ZINC8767731,TRUE,4.22E-07,4.71E-08,3.98E-08,1.71E-08,1.53E-07,2.03E-08,2.54E-07,5.57E-08,4.22E-07,5.57E-08,1.09E-07,1.30E-07,4.22E-07,3.98E-08,1.09E-07,7.46E-08,1.70E-07,1.00E-07,1.693350503,5.656911097,2.27367172,1.342705905,1.309322625,0.773214183,8.26E-08,29,PGP,Yes,0.007349316,0.753853802,4.3428,0.251820785,458.591,4.29,14.21,-14.58,2,7,88,0,7,Cc1cc(c(cc1C)c2cc(n(n2)c3ccccc3)NC(=O)CSc4[nH]nc(n4)C5CC5)C,M11224090,3.92,-5.71,active,0.613,Inhibitor,0.203,Noninhibitor,0.703,Inhibitor,7.81E-02,Inhibitor,9.38E-02,Noninhibitor,0.672,-6.58,12.57939916,-10,176.6002779,-8.4,34.79528485,-10.1,54.61965188,-10.3,24.7946157,-10,63.05362279,-9.4,154.196748,-9.5,131.4665401,-9,134.8761685,-9.7,105.0489414,-10.1,85.18570087,-8.8,392.2427516,-9.6,151.8765997,-8,125.2058424,-8.6,NA,NA,155.1345415,-10,398.1359417,-9.4
ZINC8685602,TRUE,3.01E-07,7.81E-08,6.60E-08,1.45E-08,7.81E-08,8.71E-09,2.40E-08,3.36E-08,2.54E-07,1.53E-07,3.98E-08,2.54E-07,7.81E-08,6.60E-08,1.09E-07,8.77E-08,1.48E-07,3.18E-08,4.672027861,0.890437272,1.692139229,0.362185175,0.583357112,0.124861651,9.66E-08,30,PGP,Yes,0.106524872,0.687244071,N/A,0.139564987,488.569,3.29,8.74,-20.12,1,8,94,0,6,c1ccc(cc1)c2c(cn(n2)c3ccccc3)C(=O)Nc4cccc(c4)S(=O)(=O)N5CCOCC5,M1790097,2.7,-4.57,inactive,8.16E-02,Inhibitor,0.359,Noninhibitor,0.641,Inhibitor,0.156,Inhibitor,3.12E-02,Noninhibitor,0.734,-5.25,20.25188786,-9.8,154.1073855,-8.3,1.628987592,-10.5,68.00781911,-10.7,50.79402649,-9.7,94.01891168,-8.8,170.8042201,-9.3,110.4412946,-10.5,155.5524585,-11,82.68460997,-9.4,128.6022928,-8.6,274.5542304,-9.6,153.1254461,-8.8,121.1111819,-9,NA,NA,148.6954139,-10.6,517.538611,-9.9
ZINC10092815,FALSE,3.01E-07,1.09E-07,1.09E-07,1.71E-08,3.98E-08,1.45E-08,7.36E-09,3.98E-08,1.82E-07,1.09E-07,2.54E-07,2.84E-08,1.09E-07,1.71E-08,1.82E-07,9.93E-08,1.73E-07,2.37E-08,7.316876945,1.101809737,1.745216951,0.23851938,6.10818614,0.834807827,1.82E-07,31,PGP,Yes,0.488736898,0.652780756,N/A,0.172414397,422.448,3.94,9.64,-17.69,1,8,99,0,5,c1ccc2c(c1)c(cc(n2)c3ccco3)C(=O)Nc4cccc(c4)c5nnnn5C6CC6,M2325529,3.17,-6.14,active,0.753,Inhibitor,0.188,Noninhibitor,0.75,Inhibitor,6.25E-02,Inhibitor,0.219,Noninhibitor,0.719,-5.93,141.9811799,-9.5,195.0565757,-8.8,2.032002094,-10,82.90276413,-10.8,46.36065619,-9.5,74.01887487,-9.9,179.8144694,-10.4,133.3267249,-11.2,160.3603468,-10.7,46.90646545,-10.2,89.55275389,-9.2,398.8086111,-9.6,109.5952383,-9.2,164.7578012,-10.1,NA,NA,283.1101876,-10,516.9120498,-9.6
ZINC9225949,FALSE,5.57E-08,8.71E-09,6.60E-08,1.03E-08,2.40E-08,4.71E-08,2.03E-08,6.60E-08,1.71E-08,2.84E-08,2.40E-08,1.53E-07,3.98E-08,6.60E-08,2.15E-07,1.40E-07,4.35E-08,3.35E-08,1.296967291,0.283172585,0.309533021,0.238659081,0.283456443,0.218553271,2.62E-08,33,PGP,Yes,0.007343443,0.009743411,N/A,0.266838728,449.514,4.75,-0.72,-23.88,2,7,84,0,4,CCn1c2ccccc2c3c1ccc(c3)NC(=O)Cn4c(=O)c5c(cn4)c6cc(ccc6[nH]5)C,M2996493,4.02,-5.94,active,0.843,Inhibitor,0.391,Noninhibitor,0.609,Inhibitor,0.25,Inhibitor,0.203,Noninhibitor,0.578,-6.79,142.2267178,-10.4,101.2607095,-9.1,4.96943932,-10.5,140.6332174,-11.2,28.55798483,-11,24.58106352,-9.6,209.0105557,-10.5,100.343805,-10.5,167.9651407,-10.7,73.0814089,-10.7,105.7824755,-9.9,694.4478301,-9.8,120.3763963,-9.5,121.4799774,-9.6,NA,NA,259.9246621,-10.8,606.8169578,-10.4
ZINC9252022,TRUE,1.38E-06,3.98E-08,5.91E-07,2.15E-07,2.54E-07,6.60E-08,4.71E-08,5.91E-07,1.30E-07,1.82E-07,1.30E-07,1.38E-06,1.38E-06,5.00E-07,1.93E-06,1.21E-06,6.69E-07,2.35E-07,2.848334966,1.133320273,0.551209603,0.193519937,0.48636702,0.170754853,1.56E-07,34,PGP,Yes,0.017143376,0.765211198,3.8637,4.16E-02,476.602,4.4,-1.82,-17.21,0,7,67,0,5,CC[C@H](C(=O)N1CCN(CC1)c2ccc(cc2)OC)n3c(=O)c4c5ccccc5sc4c(n3)C,M95343227,3.92,-4.38,inactive,0.283,Inhibitor,0.281,Noninhibitor,0.812,Inhibitor,0.25,Inhibitor,0.156,Noninhibitor,0.641,-5.03,61.67135255,-8.5,156.7366254,-8.2,40.61319854,-8.7,212.4303136,-9.7,43.28130963,-10,85.49978574,-8.2,129.7463131,-8.4,86.23243321,-9,47.44448125,-9.7,101.686072,-9.1,120.0992389,-8.2,733.359352,-8,134.4878347,-8.6,97.95223407,-8.6,NA,NA,326.5816852,-8.7,529.8910577,-9
ZINC10363190,FALSE,8.29E-07,2.54E-07,1.38E-06,1.16E-06,5.00E-07,3.01E-07,9.81E-07,1.38E-06,7.00E-07,1.63E-06,1.63E-06,9.81E-07,8.29E-07,7.00E-07,3.78E-06,2.24E-06,8.19E-07,8.64E-07,0.948731613,0.36970288,0.365494261,0.385245159,0.835134737,0.880264477,1.63E-06,35,PGP,Yes,0.005925068,0.017272017,N/A,6.58E-02,338.816,2.42,-5.31,-20.05,2,5,75,0,5,CS(=O)(=O)Nc1cccc(c1)C(=O)NCc2ccc(cc2)Cl,M1096729,2.29,-3.26,inactive,7.48E-02,Inhibitor,0.141,Inhibitor,0.359,Inhibitor,0.312,Inhibitor,0.484,Inhibitor,0.438,-4.03,199.7426878,-7.9,128.4002766,-7.6,42.62080581,-8.7,211.583534,-8.9,53.72500198,-8.5,102.6755397,-7.4,244.910573,-8.2,171.0082839,-8.3,63.43201854,-8.9,109.2536458,-7.9,129.823612,-7.9,817.3789492,-8.1,138.3799031,-7.8,106.6433065,-8.1,NA,NA,346.8712941,-8,596.1887257,-8
ZINC12853287,TRUE,3.57E-07,5.57E-08,7.00E-07,9.25E-08,2.15E-07,4.71E-08,1.53E-07,1.09E-07,2.15E-07,4.22E-07,3.57E-07,1.82E-07,3.01E-07,9.25E-08,8.29E-07,4.61E-07,3.71E-07,1.23E-07,3.003523814,0.653842879,0.804983275,0.268012949,2.042335102,0.67997966,3.89E-07,36,PGP,Yes,0.032082593,0.699846101,N/A,0.105081789,357.41,2.86,7.94,-10.55,2,7,86,0,4,Cc1cc(no1)NC(=O)NCC2(CCCC2)c3ccc4c(c3)OCCO4,M1131315,2.84,-4.24,active,0.561,Inhibitor,0.188,Inhibitor,0.406,Inhibitor,0.453,Noninhibitor,0.672,Noninhibitor,0.672,-4.55,92.69508194,-8.9,215.3533628,-8.8,33.52496833,-9.3,240.8482344,-11.2,92.44590209,-9.9,85.57061878,-7.9,220.8487152,-8.8,167.8712321,-9.3,123.6864912,-9.4,135.6924633,-9,104.6235302,-9.1,670.2385998,-9.1,203.4137582,-8.3,149.6679064,-8.5,NA,NA,332.8394613,-9.4,433.2802124,-9.6
ZINC14333274,FALSE,3.57E-07,2.03E-08,7.81E-08,1.71E-08,1.82E-07,5.57E-08,5.57E-08,1.30E-07,2.54E-07,5.57E-08,9.25E-08,3.98E-08,1.30E-07,1.82E-07,5.00E-07,3.41E-07,1.52E-07,8.79E-08,1.724256868,0.380399957,0.445195255,0.258195437,3.812486661,2.211089735,7.41E-08,37,PGP,Yes,0.009000553,0.033012232,N/A,6.77E-02,494.621,3.95,8.76,-20.62,1,9,99,0,4,Cc1ccccc1S(=O)(=O)Nc2c(nc3ccccc3n2)N4CCN(CC4)C(=O)N5CCCCC5,M2368281,3.82,-5.04,inactive,0.194,Inhibitor,0.203,Noninhibitor,0.703,Inhibitor,0.234,Inhibitor,0.203,Noninhibitor,0.766,-4.73,24.06136167,-9.7,173.7038099,-9.2,41.04535461,-10.1,141.6124011,-10.8,14.75722077,-10.6,68.83764105,-9.5,105.3834364,-8.7,111.3569326,-11.1,132.7402669,-9.9,115.0874232,-9.5,85.89327911,-8.8,743.7606736,-9.1,106.3195952,-9.2,135.2055108,-9.8,NA,NA,140.1464404,-9.3,619.4071302,-9.4
ZINC18222313,FALSE,1.16E-06,4.71E-08,3.57E-07,7.81E-08,1.82E-07,2.03E-08,4.71E-08,1.82E-07,3.57E-07,8.29E-07,4.22E-07,2.15E-07,1.30E-07,1.82E-07,5.00E-07,3.41E-07,5.22E-07,1.02E-07,5.129137607,0.380399957,1.53171084,0.298629313,2.427296242,0.473236717,6.25E-07,38,PGP,Yes,-0.002577231,0.006787083,N/A,0.183046317,398.378,3.39,9.28,-18.77,3,8,128,0,3,COC(=O)c1ccc(cc1)c2c3c(=O)[nH]c(nc3nc-4c2C(=O)c5c4cccc5)N,M16221450,2.63,-4.28,active,0.87,Noninhibitor,0.547,Noninhibitor,0.797,Noninhibitor,0.656,Inhibitor,0.375,Inhibitor,0.422,-5.34,144.8553991,-8.8,166.4755928,-8.8,84.76146371,-10.2,49.26560603,-10.6,86.72733071,-10.1,68.22405921,-8.3,159.291228,-8.8,102.2810309,-10,158.9712162,-10.5,143.4707029,-9.2,129.0764929,-8.7,748.7168144,-9.1,145.2184225,-8.7,167.9921914,-9.2,NA,NA,288.3168,-9.2,662.5537874,-10.1
ZINC20938693,FALSE,7.00E-07,9.25E-08,5.91E-07,6.60E-08,1.30E-07,7.81E-08,2.03E-08,1.30E-07,3.01E-07,5.91E-07,1.09E-07,1.09E-07,3.01E-07,2.70E-06,1.16E-06,1.93E-06,4.61E-07,8.47E-08,5.447443521,0.155996834,0.238953792,4.39E-02,4.215268348,0.77380671,3.50E-07,39,PGP,Yes,0.004394535,0.024961473,N/A,0.613393524,498.031,2.66,6.49,-24.47,1,9,88,0,6,Cc1c2c(n(nc2c(nn1)N3CCC[C@H](C3)C(=O)NCCN4CCOCC4)c5ccc(cc5)Cl)C,M83802687,2.72,-4.41,active,0.621,Inhibitor,0.234,Noninhibitor,0.625,Noninhibitor,0.562,Inhibitor,0.469,Noninhibitor,0.672,-4.28,107.2833554,-8.9,166.9325874,-8.7,28.13694047,-9.9,135.9384027,-10.6,32.28816142,-9.6,56.00628686,-8.6,212.9643653,-9.2,106.2918475,-10.5,144.8443055,-10,94.01725775,-9.3,95.45419443,-8.8,295.5819751,-8.8,156.188024,-8.5,81.28881985,-8.8,NA,NA,214.7232196,-9.5,162.4131211,-9.4
ZINC20938720,FALSE,7.00E-07,5.57E-08,3.01E-07,5.57E-08,1.09E-07,7.81E-08,1.22E-08,3.01E-07,1.30E-07,1.53E-07,1.53E-07,3.01E-07,1.30E-07,5.57E-08,7.00E-07,3.78E-07,3.52E-07,1.11E-07,3.164803781,0.342810325,0.932303652,0.294584978,1.169896892,0.369658586,1.53E-07,40,PGP,Yes,-0.010182002,0.038427033,N/A,0.736648119,NA,2.43,6.68,-25.57,1,9,88,0,6,Cc1ccc(cc1)n2c(c3c(nnc(c3n2)N4CCC[C@@H](C4)C(=O)NCCN5CCOCC5)C)C,M95343228,2.54,-4.04,active,0.509,Inhibitor,0.328,Noninhibitor,0.625,Noninhibitor,0.594,Noninhibitor,0.688,Noninhibitor,0.734,-3.73,73.65787894,-8.7,215.6838875,-9.2,1.510071157,-10,152.4895103,-10,10.46511501,-9.9,62.5075649,-9.1,294.3639657,-9.2,94.79149644,-10.4,133.7327773,-10.1,78.64913358,-9.6,85.74828136,-8.6,605.5354496,-9.3,92.2181992,-8.6,80.82120523,-8.8,NA,NA,260.0587873,-8.7,554.8896487,-9.8
ZINC21705798,FALSE,9.81E-07,1.03E-08,1.30E-07,2.84E-08,1.53E-07,9.25E-08,8.71E-09,2.15E-07,2.54E-07,N/A,4.22E-07,7.00E-07,1.53E-07,8.29E-07,2.15E-07,5.22E-07,3.74E-07,9.96E-08,3.752861163,0.293888918,0.716020593,0.190793254,0.533705495,0.14221296,4.22E-07,41,PGP,Yes,0.473593032,0.841471189,N/A,0.374178601,482.024,4.76,10.97,-20.19,2,6,79,0,5,c1cc(ccc1C(=O)N2CCC[C@H](C2)C(=O)NC3CCCCCC3)NC(=O)c4ccc(cc4)Cl,M95343229,5.78,-6.58,inactive,-2.67E-02,Inhibitor,0.172,Noninhibitor,0.672,Inhibitor,0.406,Inhibitor,0.391,Noninhibitor,0.844,-6.98,109.4363274,-9.9,82.82109685,-8.6,29.09981308,-9.6,NA,NA,59.37768383,-10.8,113.5056838,-8.9,64.41501525,-10.3,121.9785953,-11,106.8553899,-9.7,164.991405,-9.8,86.23751671,-8.3,609.0124351,-8.3,137.559834,-8.5,114.3856852,-8.8,NA,NA,138.7764994,-9.1,529.3598623,-9.4
ZINC10074864,FALSE,2.54E-07,8.29E-07,1.93E-06,3.01E-07,9.81E-07,3.57E-07,1.30E-07,2.54E-07,1.93E-06,2.70E-06,8.29E-07,2.54E-07,9.81E-07,9.81E-07,1.63E-06,1.30E-06,1.00E-06,4.05E-07,2.479961601,0.752197957,0.769200458,0.310166278,3.943454475,1.590127232,1.76E-06,47,PGP,Yes,0.008198064,0.017481883,N/A,0.418180087,351.399,1.94,-3.62,-19.1,3,9,119,0,5,c1ccc(cc1)Nc2nc(nc(n2)N)CSc3nc4ncccn4n3,M2308242,2,-4.82,inactive,0.313,Inhibitor,0.438,Noninhibitor,0.641,Inhibitor,0.406,Inhibitor,0.422,Inhibitor,0.188,-4.82,81.75233736,-8.1,209.5349531,-7.7,37.42449525,-8.5,217.9977326,-10.3,33.2977634,-8.4,79.17485417,-7.8,150.5951099,-8.7,41.5186105,-9.4,117.5745523,-8.7,81.58358038,-8.8,92.35709682,-7.3,309.286577,-9.1,117.8598088,-8.4,151.1674169,-9.3,NA,NA,196.3362754,-8.9,371.0655561,-9.1
ZINC14250428,TRUE,3.01E-07,1.09E-07,1.09E-07,1.45E-08,7.81E-08,1.71E-08,4.71E-08,1.82E-07,7.81E-08,1.53E-07,2.54E-07,1.09E-07,3.01E-07,6.60E-08,2.54E-07,1.60E-07,1.73E-07,6.77E-08,2.562182918,1.88003615,1.082136214,0.422349321,1.583954917,0.618205244,2.04E-07,50,PGP,Yes,0.048181554,0.628244384,N/A,0.861463762,457.54,5,12.13,-14.16,2,7,97,0,5,c1ccc2c(c1)ccc3c2nc(s3)NC(=O)c4c(c5ccccc5o4)CSc6[nH]ncn6,M1758096,4.57,-5.48,inactive,0.486,Inhibitor,0.188,Inhibitor,0.469,Inhibitor,6.25E-02,Inhibitor,9.38E-02,Inhibitor,0.219,-6.37,47.46345449,-9.4,72.12355351,-8.9,10.97276383,-10,74.95275137,-10.9,22.18712997,-9.4,32.05761687,-8.6,193.6028104,-9.7,113.445706,-10,175.5995816,-10.6,90.52940912,-9.4,116.6709963,-8.4,798.4608696,-9.1,164.495753,-9.5,103.2251804,-8.8,NA,NA,108.8261339,-9.8,563.4700944,-10
ZINC14249338,FALSE,3.57E-07,1.09E-07,2.54E-07,4.71E-08,3.01E-07,1.82E-07,9.25E-08,3.98E-08,9.25E-08,2.54E-07,3.57E-07,2.54E-07,2.15E-07,2.54E-07,8.29E-07,5.42E-07,2.40E-07,1.32E-07,1.813574062,0.396820014,0.443365223,0.244470426,0.943836735,0.52042911,3.06E-07,51,PGP,Yes,0.591495567,0.843320441,N/A,0.79578104,461.572,4.97,12.89,-15.34,2,7,97,0,7,Cc1cccc(c1)Cc2cnc(s2)NC(=O)c3c(c4ccccc4o3)CSc5[nH]ncn5,M2027470,3.95,-4.84,inactive,0.39,Inhibitor,0.125,Noninhibitor,0.531,Inhibitor,4.69E-02,Inhibitor,6.25E-02,Inhibitor,0.297,-6.23,102.3357086,-9,149.4153017,-8.5,2.4862198,-9.6,91.75422365,-10.2,42.17715031,-9.5,14.21640043,-8.3,161.5852699,-9.5,110.6251893,-9.8,164.1751111,-9.3,52.53540907,-9,145.4077758,-8,795.1683404,-9.4,193.6565055,-9.1,149.6548108,-8.4,NA,NA,244.6019412,-9.9,555.654392,-9.6
ZINC9382404,FALSE,7.00E-07,1.82E-07,3.01E-07,5.57E-08,7.00E-07,9.25E-08,1.09E-07,4.22E-07,1.38E-06,4.22E-07,7.00E-07,5.00E-07,1.16E-06,2.15E-07,8.29E-07,5.22E-07,3.94E-07,2.76E-07,1.428772544,2.225550129,0.755541604,0.528804677,0.78918152,0.552349304,5.61E-07,52,PGP,Yes,0.391162226,0.275715188,N/A,0.171684998,443.504,2.66,-1.25,-13.1,1,8,98,0,5,Cn1c2c(c(nc(n2)c3ccc(cc3)F)SCC(=O)NC4CCCC4)c(=O)n(c1=O)C,M2816986,2.28,-5.37,inactive,0.401,Inhibitor,0.469,Noninhibitor,0.906,Inhibitor,0.438,Inhibitor,0.375,Noninhibitor,0.562,-4.57,1.044281619,-8.8,209.7433991,-8.5,36.27448398,-10,35.60676716,-10.1,22.83669748,-9.3,130.1851684,-8.4,139.8001953,-8.6,149.621116,-9.5,154.1946385,-10.2,177.0677076,-9.5,124.0761856,-8.1,605.770656,-9.2,130.0251211,-7.8,155.018085,-8.7,NA,NA,255.3294217,-8.6,429.0379961,-9.6
ZINC6549961,FALSE,3.57E-07,1.53E-07,1.53E-07,1.53E-07,3.57E-07,1.82E-07,9.25E-08,3.01E-07,3.57E-07,4.22E-07,3.57E-07,3.01E-07,9.81E-07,3.98E-08,3.01E-07,1.70E-07,2.21E-07,2.17E-07,1.018763559,5.755218104,1.296903343,1.273017013,0.734081179,0.720560891,3.89E-07,53,PGP,Yes,0.052143749,0.252244825,N/A,0.267993395,390.37,4.01,2.03,-15.2,1,6,81,0,6,c1ccc2c(c1)c(cc(n2)c3ccco3)C(=O)OCC(=O)Nc4ccc(cc4)F,M1603336,3.38,-5.17,inactive,0.176,Noninhibitor,0.578,Noninhibitor,0.594,Inhibitor,7.81E-02,Inhibitor,6.25E-02,Inhibitor,0.344,-6.23,1.238534256,-9.3,119.2911599,-9.2,1.320692264,-9.8,169.9296699,-9.8,43.69346358,-9.3,39.91962414,-9.1,255.2737372,-8.2,258.6988426,-9.6,169.3070283,-9.2,68.29298116,-9.4,111.8292802,-8.5,583.9542022,-9.6,143.9024657,-8.4,142.7292831,-9.7,NA,NA,304.1916798,-9.4,382.304781,-9.2
ZINC24781309,TRUE,5.00E-07,2.54E-07,5.91E-07,1.09E-07,4.22E-07,1.53E-07,1.09E-07,1.16E-06,3.01E-07,5.91E-07,3.01E-07,5.00E-07,1.38E-06,8.29E-07,7.00E-07,7.65E-07,4.49E-07,3.91E-07,1.146601939,1.798480511,0.586672441,0.511661825,0.897670672,0.782896524,4.46E-07,54,PGP,Yes,0.052473663,0.666545499,N/A,0.528131267,463.542,4.37,11.2,-14.3,1,10,105,0,8,CC(C)[C@@H](C(=O)N1CCN(CC1)c2nnnn2c3ccccc3)NC(=O)OCc4ccccc4,M2566120,2.51,-3.93,inactive,0.237,Inhibitor,0.297,Noninhibitor,0.797,Inhibitor,0.359,Noninhibitor,0.516,Noninhibitor,0.781,-3.08,11.81666947,-8.6,160.9971433,-7.9,69.57669032,-9,110.0881765,-10.4,4.586406941,-9,78.57517933,-8.1,170.3713353,-7.9,131.4581199,-9.3,123.8015781,-9.3,146.5359232,-8.1,122.3020636,-8.9,750.6187504,-9.3,171.3347549,-8.4,142.6503256,-8.4,NA,NA,199.6630816,-8.5,502.1569616,-8.9
ZINC14017807,FALSE,2.15E-07,3.98E-08,2.54E-07,4.71E-08,5.57E-08,7.81E-08,7.36E-09,1.71E-08,1.09E-07,2.15E-07,7.81E-08,1.09E-07,3.01E-07,2.15E-07,3.57E-07,2.86E-07,1.70E-07,4.11E-08,4.131437671,1.054082277,0.593943058,0.143761834,1.550591448,0.375315222,1.47E-07,57,PGP,Yes,0.2968077,0.35183684,N/A,-5.27E-02,490.513,3.03,2.02,-22.37,1,10,124,0,7,COc1cc(cc(c1)OC)c2nnc(o2)NC(=O)[C@@H]3CCCN(C3)S(=O)(=O)c4ccc(cc4)F,M95343232,2.43,-4.76,inactive,-1.53E-02,Inhibitor,0.203,Noninhibitor,0.625,Inhibitor,0.25,Inhibitor,0.25,Noninhibitor,0.812,-4.63,92.61156914,-9,63.05391818,-8.2,101.7946719,-9.2,132.4808547,-10,12.09951228,-10,6.88884153,-9.2,113.6952488,-9.9,120.4215844,-11.1,96.66419762,-9.8,55.53474165,-9.2,114.8136345,-8.4,721.2005043,-9.3,84.80152798,-9.2,102.6593227,-8.9,NA,NA,173.4177251,-10.6,556.1404984,-9.7
ZINC12274455,TRUE,3.36E-08,2.67E-09,3.75E-09,2.26E-09,6.22E-09,1.61E-09,1.61E-09,3.17E-09,N/A,1.45E-08,2.40E-08,1.45E-08,1.22E-08,1.71E-08,1.45E-08,1.58E-08,1.33E-08,3.00E-09,4.486450606,0.773659445,0.845325318,0.188417391,0.923002472,0.205731112,1.92E-08,68,PGP,Yes,0.134295408,0.455945211,3.07398629,-0.3,463.453,4.43,3.05,-20.52,1,9,116,0,4,Cc1c(nnn1c2ccc3c(c2)c(on3)c4ccccc4)C(=O)Nc5ccc6ccc(=O)oc6c5,M1029360,3.11,-5.9,active,0.738,Inhibitor,0.328,Noninhibitor,0.594,Inhibitor,0.312,Inhibitor,7.81E-02,Noninhibitor,0.75,-7.39,199.8647854,-11.8,116.0493455,-9.6,3.74903663,-11.5,167.3928296,-12.2,36.0320084,-11.7,91.39624614,-9.8,188.2931516,-10.8,133.3348749,-12,112.491179,-11.7,109.7083882,-10.5,97.69809901,-10.2,700.5291057,-11.3,184.2998352,-10.2,116.4790154,-10.5,NA,NA,224.4385185,-11.6,547.7109491,-11
ZINC02312120,FALSE,2.40E-08,3.75E-09,5.25E-09,NA,2.40E-08,2.67E-09,8.21E-10,5.25E-09,N/A,4.71E-08,NA,2.15E-07,1.53E-07,1.71E-08,6.22E-09,1.17E-08,1.10E-08,8.18E-09,1.343616467,13.15028781,0.942439342,0.70141991,5.11E-02,3.81E-02,4.71E-08,69,PGP,Yes,-0.063361476,-0.016970776,1.961078192,0.15,432.501,3.85,-2.17,-15.07,0,6,86,0,1,Cc1c2c(n(n1)C(=O)c3ccc4c(c3)S(=O)(=O)c5ccccc5C4=O)C[C@@H]6[C@H]2C6(C)C,M10422505,4.03,-5.69,inactive,0.331,Inhibitor,0.172,Noninhibitor,0.609,Inhibitor,0.312,Inhibitor,0.109,Noninhibitor,0.609,-6.01,154.0640783,-10.4,119.7603657,-9.8,37.03810083,-11.3,114.8702409,-10.8,54.72409181,-11.5,54.55101555,-9.9,240.038043,-10,155.6002463,-12.4,160.2376416,-11.7,149.3276914,-9.9,112.5751254,-9.9,773.9646875,-10.7,206.1590239,-9.6,130.8448835,-9.7,NA,NA,322.9137222,-11.3,441.0177482,-10.1
ZINC12389647,TRUE,1.53E-07,2.03E-08,7.81E-08,2.03E-08,2.40E-08,2.40E-08,1.36E-09,1.22E-08,N/A,1.30E-07,3.98E-08,2.15E-07,7.81E-08,1.45E-08,1.45E-08,1.45E-08,8.39E-08,1.64E-08,5.130511539,5.403956054,5.80575833,1.131613931,0.390409215,7.61E-02,8.47E-08,70,PGP,Yes,0.007782937,0.384485514,4.416451725,0.3,430.493,3.83,-5.73,-15.06,1,8,91,0,3,c1ccc2c(c1)c(ns2)N3CCN(CC3)C(=O)c4nc(no4)c5ccc6cc[nH]c6c5,M8125551,3.44,-5.8,active,0.861,Inhibitor,0.266,Noninhibitor,0.578,Inhibitor,0.234,Inhibitor,0.219,Inhibitor,0.219,-5.92,145.3716438,-9.8,139.5683238,-9,88.71550045,-9.7,125.7094914,-10.7,29.31919093,-10.6,91.46972857,-8.8,161.9677517,-10.5,92.75535225,-12,121.1753351,-10.4,95.88067665,-10.3,78.44280633,-9.3,702.717762,-9.5,177.2161307,-9.2,NA,NA,NA,NA,229.1882694,-10.1,637.7620178,-9.8
ZINC12274469,TRUE,1.30E-07,3.98E-08,6.60E-08,3.75E-09,6.60E-08,1.71E-08,2.84E-08,2.03E-08,N/A,2.54E-07,1.09E-07,1.82E-07,2.54E-07,9.25E-08,1.30E-07,1.11E-07,7.84E-08,2.71E-08,2.895025411,2.291944521,0.706582924,0.244067952,0.432017559,0.149227553,1.82E-07,71,PGP,Yes,0.069800648,0.617853798,3.955,0.2,455.474,4.42,2.11,-13.31,1,9,104,0,6,Cc1c(nnn1c2ccc3c(c2)c(on3)c4ccccc4)C(=O)Nc5cc(ccc5OC)OC,M1112736,3.21,-5.68,active,0.753,Inhibitor,9.38E-02,Noninhibitor,0.828,Inhibitor,0.125,Inhibitor,4.69E-02,Noninhibitor,0.859,-6.15,114.8371975,-9.2,131.2118608,-8.8,2.421011975,-9.9,118.2080923,-11.1,51.40003884,-9.7,97.6769959,-9.4,163.2882131,-10.6,224.311631,-10.3,131.477406,-10.6,77.46700632,-9.3,86.84359598,-9,731.4929379,-10.4,178.875851,-8.8,114.3018265,-9.2,NA,NA,369.8139642,-10.5,607.8428911,-10
ZINC12697057,FALSE,1.53E-07,2.03E-08,5.57E-08,2.40E-08,6.60E-08,3.36E-08,2.40E-08,1.15E-09,N/A,1.30E-07,NA,3.98E-08,1.53E-07,1.82E-07,5.57E-08,1.19E-07,7.65E-08,2.97E-08,2.571144661,1.292682393,0.644377272,0.250618832,1.92228522,0.74763791,1.30E-07,72,PGP,Yes,0.04670127,0.247650731,3.934123388,0.12,421.428,4.26,10.67,-25.66,1,7,82,0,3,Cc1cc(=O)c(nn1c2ccccc2F)C(=O)Nc3ccc4c(c3)OC5(O4)CCCC5,M2164923,3.44,-5.3,active,0.5,Inhibitor,0.484,Noninhibitor,0.859,Inhibitor,0.25,Inhibitor,0.25,Noninhibitor,0.703,-4.83,167.3569502,-9.7,153.8747841,-8.9,9.027053601,-9.9,118.0566595,-10.1,42.81417999,-10.6,55.76705969,-9.2,179.397082,-9.9,132.6754791,-10.4,145.4606634,-10.6,99.83499169,-10.8,129.6528692,-9.2,699.8860762,-9.8,266.4641596,-9,109.2863491,-9,NA,NA,193.1363951,-12.2,333.256152,-10
ZINC09349235,FALSE,7.81E-08,1.45E-08,1.09E-07,8.71E-09,9.25E-08,1.45E-08,6.22E-09,5.25E-09,N/A,6.60E-08,NA,4.22E-07,6.60E-08,1.30E-07,4.71E-08,8.83E-08,6.73E-08,2.54E-08,2.649067951,0.74700788,0.762374621,0.287789757,0.159536573,6.02E-02,6.60E-08,73,PGP,Yes,-0.012346696,0.022972041,3.190728477,0.45,492.532,2.21,5.33,-17.72,4,8,127,0,4,Cc1ccc(cc1)S(=O)(=O)c2ccc(cc2)n3c(c(c(n3)C)[C@@]4(c5cc(ccc5NC4=O)F)O)N,M84704489,2.35,-4.27,inactive,0.126,Inhibitor,0.266,Noninhibitor,0.812,Inhibitor,0.484,Inhibitor,0.172,Noninhibitor,0.688,-4.45,82.88778002,-9.7,158.9610127,-9.2,74.44543978,-9.6,111.2286461,-11,59.15813191,-10.8,6.112244406,-9.7,159.4393909,-9.2,112.3563126,-11,82.29072061,-10.7,131.6382687,-9.5,116.8652688,-10.2,639.2527868,-9.3,162.8760922,-9.3,110.5691705,-8.9,NA,NA,142.3051722,-10.9,561.0214886,-10.5
ZINC32848234,FALSE,1.22E-08,4.44E-09,1.22E-08,1.45E-08,6.60E-08,NA,7.36E-09,1.22E-08,N/A,7.81E-08,NA,4.44E-09,2.40E-08,2.40E-08,1.22E-08,1.81E-08,9.62E-09,2.50E-08,0.384734202,1.325177731,0.531622723,1.381792209,2.167909833,5.634824823,7.81E-08,74,BCRP/PGP,Yes,0.267438452,0.540662709,3.0688,0.15,467.407,4.01,11.41,-37.85,2,8,106,0,6,c1ccc2c(c1)c(n[nH]c2=O)CC(=O)Nc3nc4cc(ccc4n3Cc5ccco5)C(F)(F)F,M2275590,3.11,-5.27,active,0.716,Inhibitor,0.328,Noninhibitor,0.672,Inhibitor,0.172,Inhibitor,0.125,Inhibitor,0.469,-6.26,7.603916063,-10.4,151.2319045,-9.2,2.452707119,-10,28.16656126,-10.5,14.93063999,-10.5,68.21407009,-9.7,217.3193439,-9.9,123.0492564,-10.5,193.4151032,-9.9,126.810187,-9.4,95.20742036,-8.8,714.7255355,-9.7,NA,NA,133.0364595,-9.1,206.7427838,-9.8,224.3210899,-9.5,581.7725944,-10
ZINC49004308,FALSE,9.25E-08,1.71E-08,4.71E-08,2.84E-08,3.36E-08,2.03E-08,4.44E-09,8.71E-09,N/A,4.71E-08,3.36E-08,2.03E-08,4.71E-08,4.71E-08,2.84E-08,3.77E-08,5.22E-08,1.91E-08,2.737192362,1.247802043,1.383867903,0.505579338,2.578130214,0.941888575,4.03E-08,75,BCRP,Yes,0.001586147,0.023651463,1.1959,0.1,440.797,3.88,9.74,-14.25,0,8,91,0,4,c1cc(ccc1c2cc3c(=O)n(ncn3n2)Cc4nc(no4)c5ccc(c(c5)F)Cl)F,M3192392,3.6,-6.41,active,0.792,Noninhibitor,0.688,Noninhibitor,0.953,Inhibitor,0.312,Inhibitor,0.453,Inhibitor,0.375,-5.99,149.9213354,-9.8,164.4347345,-10,85.65342582,-10,97.25923643,-10.7,32.56817992,-10.8,108.5691017,-9.5,10.59419705,-10.6,134.6870026,-11.4,133.6898249,-10.5,78.01265689,-10.4,126.8592518,-9.9,710.0499965,-9.7,NA,NA,112.4613163,-9.7,112.1273135,-10.2,423.5902607,-11,370.7926588,-10.4
ZINC09126206,FALSE,1.09E-07,7.36E-09,6.60E-08,7.36E-09,6.60E-08,1.22E-08,3.75E-09,3.36E-08,N/A,6.60E-08,2.40E-08,6.60E-08,9.25E-08,5.25E-09,6.22E-09,5.74E-09,6.09E-08,2.46E-08,2.47894476,16.1224518,10.62463455,4.285950508,0.923475282,0.372527576,4.50E-08,76,MSBA,Yes,-0.035163679,-0.004692511,1.632996398,0.11,471.926,2.53,-8.36,-28.94,1,9,117,0,4,c1ccc2c(c1)C(=NS2(=O)=O)N3CCC(CC3)C(=O)Nc4nnc(o4)c5ccc(cc5)Cl,M2009470,2.48,-5.13,inactive,1.39E-02,Inhibitor,0.422,Noninhibitor,0.766,Inhibitor,0.344,Inhibitor,0.312,Noninhibitor,0.531,-4.82,76.68441379,-9.5,101.9027938,-10.3,NA,NA,160.7350459,-11.5,29.74212091,-11.1,88.58076516,-9.1,77.52441623,-10.2,138.3367956,-11.5,105.8577182,-10.9,55.09820977,-10.1,113.1862999,-9.5,736.9811227,-10.2,184.9867454,-9.2,114.607412,-10.1,NA,NA,286.8766645,-10.2,544.3280068,-10.7
ZINC02879284,FALSE,N/A,N/A,N/A,N/A,N/A,N/A,N/A,N/A,N/A,N/A,N/A,N/A,N/A,N/A,N/A,N/A,N/A,N/A,N/A,N/A,N/A,N/A,N/A,N/A,N/A,77,???,Yes,0.042549148,0.064808455,1.508446613,0.14,393.197,1.93,0.32,-16.47,1,8,95,0,4,N/A,N/A,N/A,N/A,N/A,N/A,N/A,N/A,N/A,N/A,N/A,N/A,N/A,N/A,N/A,N/A,N/A,151.5936821,-8.4,172.7012705,-7.3,92.07402494,-7.7,155.1950686,-9.2,82.48025408,-8.6,85.9140896,-7.6,210.5055599,-8.3,151.9289222,-9.2,167.9002638,-8.8,74.16946979,-8.1,129.7551638,-7.8,730.7373917,-8.1,137.1969896,-7.8,177.0173094,-7.9,NA,NA,398.2536287,-8.5,263.5921644,-8.6
ZINC31744412,TRUE,3.36E-08,1.45E-08,8.71E-09,7.36E-09,4.71E-08,8.71E-09,8.71E-09,2.40E-08,N/A,6.60E-08,NA,2.03E-08,9.25E-08,1.22E-08,4.44E-09,8.32E-09,1.89E-08,1.92E-08,0.987094491,11.10872145,2.273377393,2.303100071,0.934217692,0.946431877,6.60E-08,78,PGP/MSBA,Yes,0.04750568,0.854748382,2.187777391,0.41,425.404,2.8,8.08,-21.74,0,9,113,0,4,Cc1c(c(no1)c2ccccc2)c3nnc(o3)Cn4cnc5c6ccccc6oc5c4=O,M1306655,2.73,-5.35,inactive,0.338,Inhibitor,0.391,Noninhibitor,0.859,Inhibitor,0.234,Inhibitor,0.422,Noninhibitor,0.734,-5.14,22.85806497,-10.1,177.5928843,-9.4,1.390487309,-11,133.8343588,-11.3,23.60907537,-10.8,80.50708333,-9.7,161.4538075,-10.9,84.33113148,-11,119.7831265,-11,137.7374366,-9.6,95.56778613,-9.2,562.1793065,-11.6,NA,NA,104.8084869,-10,211.7799014,-10.7,408.3152185,-10.8,457.6545337,-10.2
ZINC09421695,TRUE,9.25E-08,3.98E-08,2.03E-08,7.81E-08,1.30E-07,6.60E-08,5.57E-08,6.60E-08,N/A,9.25E-08,2.15E-07,1.53E-07,2.15E-07,1.45E-08,4.44E-09,9.45E-09,5.08E-08,7.91E-08,0.642807808,22.75631351,5.381539343,8.371925911,0.331395779,0.51554411,1.54E-07,79,MSBA,Yes,0.101275165,0.488020189,1.586,0.2,342.402,4.39,1.12,-9.52,1,5,63,0,2,Cc1cccc(c1)[C@H]2Cc3c(cnn3c4[nH]c5ccccc5n4)C(=O)C2,M84704500,2.44,-4.06,active,0.7,Inhibitor,0.312,Inhibitor,0.438,Inhibitor,0.156,Inhibitor,0.172,Inhibitor,0.391,-5.2,60.15306326,-9.5,211.6725285,-8.9,1.46850807,-10.5,147.2812041,-10.9,72.75729474,-10,102.7908779,-9.8,267.1807105,-9.8,182.0606737,-9.9,187.5602333,-9.8,162.9525631,-10.5,140.5149103,-10,705.9064257,-10.5,117.3147386,-9.2,98.78680755,-10.1,NA,NA,364.9710644,-9.8,589.7030811,-9.6
ZINC67336052,FALSE,1.63E-06,9.81E-07,1.04E-05,2.15E-07,1.82E-07,2.54E-07,2.54E-07,4.22E-07,N/A,8.80E-06,3.78E-06,5.91E-07,2.28E-06,5.00E-07,1.53E-07,3.27E-07,4.34E-06,2.65E-07,16.34847176,6.985598846,13.29307514,0.81310812,7.338229066,0.448863305,6.29E-06,81,PGP/MSBA,Yes,0.225544589,0.251859674,2.345555943,N/A,403.445,0.77,-1.04,-20.2,4,9,144,0,5,c1cc(ccc1NC(=O)c2c(ccs2)NC(=O)c3cnccn3)S(=O)(=O)N,M12654741,1.3,-3.49,inactive,5.75E-02,Inhibitor,0.312,Noninhibitor,0.875,Noninhibitor,0.688,Noninhibitor,0.641,Noninhibitor,0.75,-3.64,145.7730596,-7.8,156.4874748,-7.6,57.46438781,-8,124.2979037,-8.8,123.9253161,-8.3,113.6512075,-7,347.6889991,-7.6,98.28497727,-8.8,172.0670027,-8.3,125.6045619,-7.9,139.8205474,-7.3,717.1295803,-8.4,NA,NA,120.782388,-7.4,128.8986611,-9,368.1803345,-8.7,519.5995356,-8.9
ZINC08878066,FALSE,3.01E-07,3.01E-07,3.20E-06,7.81E-08,1.82E-07,5.57E-08,5.57E-08,6.60E-08,N/A,2.54E-07,5.91E-07,1.09E-07,3.01E-07,3.57E-07,6.60E-08,2.11E-07,1.27E-06,8.74E-08,14.48362197,1.425680733,5.993553565,0.413815935,11.56882351,0.798752104,4.23E-07,82,PGP,Yes,0.023294791,0.032567392,1.122783781,N/A,432.487,0.35,-8.44,-25.76,3,10,134,0,6,c1ccn2c(c1)nnc2CNC(=O)CNS(=O)(=O)c3ccc4c(c3)NC(=O)CS4,M816844,0.16,-2.47,inactive,0.348,Noninhibitor,0.547,Noninhibitor,0.734,Noninhibitor,0.797,Noninhibitor,0.688,Noninhibitor,0.734,-2.17,100.1168677,-7.5,218.1673646,-7.6,1.793108888,-9,52.0824591,-10.3,33.03398428,-9.1,56.22097224,-8.5,99.9236339,-9,15.05817078,-9.8,67.63252339,-8.8,72.94802988,-9.6,81.04775138,-8,693.5887496,-9.5,142.7309234,-8.9,127.3312567,-8.2,NA,NA,323.6476477,-10.1,695.738104,-9.3
ZINC11682096,FALSE,1.63E-06,7.00E-07,2.28E-06,7.81E-08,2.15E-07,6.60E-08,6.60E-08,1.09E-07,N/A,5.91E-07,2.15E-07,6.60E-08,7.00E-07,3.01E-07,2.54E-07,2.78E-07,1.54E-06,1.07E-07,14.37210625,2.520275965,5.52969119,0.384751622,23.28355621,1.620051773,4.03E-07,83,PGP/BCRP,Yes,0.020359364,0.209651947,4.4143,N/A,434.453,2.88,1.82,-15.11,1,8,99,0,7,c1cc(oc1)Cn2c(nnn2)SCC(=O)Nc3nc(cs3)c4ccc(c(c4)F)F,M2345439,2.09,-5.78,inactive,0.173,Inhibitor,0.312,Noninhibitor,0.906,Inhibitor,0.172,Inhibitor,0.328,Inhibitor,0.406,-4.1,79.87036025,-7.6,257.9899882,-8.3,85.66756832,-8.1,49.92179036,-9.4,25.68100498,-8.5,86.46367935,-8.7,185.3920073,-9.3,73.68834924,-9.7,110.6201645,-9.5,77.34621236,-8.8,NA,NA,617.3105883,-9,140.1698824,-8.2,132.1506619,-9.2,NA,NA,398.6989066,-9.5,579.1834908,-8.9
ZINC25054259,FALSE,1.16E-06,4.22E-07,3.78E-06,3.01E-07,1.09E-07,7.81E-08,7.81E-08,6.60E-08,N/A,1.16E-06,1.63E-06,3.01E-07,5.91E-07,2.28E-06,7.00E-07,1.49E-06,1.79E-06,1.27E-07,14.13548353,0.396820014,1.200307224,8.49E-02,5.939960756,0.420216312,1.40E-06,84,PGP,Yes,-0.018840794,-0.056055816,2.741094458,N/A,416.467,3.49,8.7,-28.44,3,9,121,0,6,C[C@H](C(=O)Nc1c2c(nc[nH]2)ncn1)Sc3nnc(s3)Nc4cccc(c4)F,M84677817,1.77,-4.21,active,0.679,Inhibitor,0.469,Noninhibitor,0.766,Inhibitor,0.328,Noninhibitor,0.5,Inhibitor,0.406,-4.75,126.7586445,-7.5,232.9541298,-8,1.929421559,-8.2,NA,NA,44.73342475,-8.9,67.42785114,-8,224.5908024,-8.7,63.32333674,-9.8,91.58663719,-9.3,46.740948,-8.6,125.0761755,-8.1,816.8581793,-7.7,206.9411242,-7.3,125.8733903,-9.1,NA,NA,275.1472277,-9.4,716.5919115,-9.3
ZINC42379644,FALSE,1.93E-06,7.43E-06,1.23E-05,7.00E-07,5.00E-07,5.91E-07,5.91E-07,5.91E-07,N/A,5.30E-06,4.48E-06,1.16E-06,2.70E-06,8.29E-07,1.63E-06,1.23E-06,7.23E-06,5.95E-07,12.15035665,2.198303603,5.884468713,0.484304196,6.222651667,0.512137367,4.89E-06,85,PGP,Yes,0.004521942,-0.009230386,1.197769258,N/A,377.455,0.62,3.96,-17.84,1,9,108,0,7,Cn1c(nnn1)SCC(=O)NCCn2c(=O)ccc(n2)c3cccs3,M3050567,0.668,-1.25,active,0.672,Inhibitor,0.203,Noninhibitor,0.859,Noninhibitor,0.875,Noninhibitor,0.781,Noninhibitor,0.875,-2.01,54.06056479,-6.7,182.9951636,-6.9,60.73745881,-7.7,153.2141179,-8.9,34.22555818,-7.2,92.84448668,-7.3,223.0987853,-7.6,57.14053814,-8.3,35.62010385,-8.3,123.7033447,-8,108.0003288,-6.5,34.99683681,-8.3,NA,NA,149.2965555,-7.5,174.0478133,-8.6,284.2696101,-8.6,242.7482982,-8.7
ZINC20119698,FALSE,N/A,N/A,N/A,N/A,N/A,N/A,N/A,N/A,N/A,N/A,N/A,N/A,N/A,N/A,N/A,N/A,N/A,N/A,N/A,N/A,N/A,N/A,N/A,N/A,N/A,86,BCRP,Yes,0.02688782,0.03191508,1.6797,N/A,329.32,1.63,6.17,-19.86,2,10,126,0,3,N/A,N/A,N/A,N/A,N/A,N/A,N/A,N/A,N/A,N/A,N/A,N/A,N/A,N/A,N/A,N/A,N/A,141.2995522,-7.5,152.7719358,-8.5,98.47654487,-8.1,153.8893266,-10.4,33.60302232,-8,58.43809676,-8,228.3621686,-8.8,121.6354107,-9,151.7212947,-8.7,74.68402271,-8.2,182.1400813,-7.5,883.2982681,-9,146.8689015,-7.3,125.3209342,-7.8,NA,NA,222.2977282,-9.1,780.6121946,-8.8
ZINC14135841,FALSE,5.30E-06,1.93E-06,7.43E-06,5.91E-07,4.22E-07,5.00E-07,5.00E-07,9.81E-07,N/A,3.78E-06,3.78E-06,1.09E-07,2.28E-06,2.28E-06,8.29E-07,1.55E-06,4.89E-06,5.99E-07,8.16029153,1.466931744,3.142654858,0.385115513,44.64450749,5.470945164,3.78E-06,87,BCRP,Yes,0.469191882,0.465507862,1.3344,N/A,336.406,1.61,2.87,-22.35,1,9,103,0,5,c1cc(nn2c1nnn2)Sc3nnc(s3)NC[C@H]4CCCO4,M84677756,1.13,-3.29,inactive,0.261,Noninhibitor,0.641,Noninhibitor,0.75,Noninhibitor,0.656,Noninhibitor,0.516,Inhibitor,0.391,-3.01,147.5713968,-7.3,219.7906181,-7.1,11.87944999,-7.5,158.0403256,-9.3,46.86160645,-8.2,92.98137139,-7.9,228.8408843,-8,77.86646686,-8.6,121.1904343,-8.2,64.38954024,-8,159.917814,-7.3,113.7124531,-8.5,144.9881225,-6.7,144.140412,-8,NA,NA,290.570309,-8.1,292.6152977,-8.9
ZINC48237631,FALSE,1.82E-07,5.91E-07,1.16E-06,1.53E-07,2.15E-07,1.09E-07,1.09E-07,4.71E-08,N/A,1.16E-06,7.00E-07,1.45E-08,3.57E-07,7.81E-08,2.54E-07,1.66E-07,6.45E-07,1.27E-07,5.083129137,2.144397915,3.878293655,0.762973662,44.61570396,8.777212375,9.31E-07,88,BCRP,Yes,0.058772486,0.09766436,1.4497,N/A,427.866,1.4,-0.27,-15.4,2,9,115,0,5,c1cc(oc1C(=O)N)S(=O)(=O)N2CCN(CC2)Cc3cc4c(c(c3)Cl)OCO4,M926574,1.61,-3.76,inactive,0.199,Noninhibitor,0.609,Inhibitor,0.453,Inhibitor,0.422,Noninhibitor,0.594,Noninhibitor,0.625,-3.02,161.3295761,-8.1,219.7740131,-7.8,149.6698552,-8.9,95.87927948,-9.4,85.55158061,-8.5,35.13081683,-8.2,273.6736758,-9,82.45724801,-9.6,99.51985384,-9.8,88.09441004,-9.2,50.66977995,-8.2,725.5502151,-8.8,NA,NA,145.0752164,-8.2,190.4172235,-9,206.5212282,-10,445.0540852,-8.8
ZINC12808366,FALSE,2.28E-06,1.38E-06,8.80E-06,5.91E-07,1.16E-06,5.91E-07,5.91E-07,8.29E-07,N/A,4.48E-06,4.48E-06,1.09E-07,3.78E-06,1.93E-06,5.00E-07,1.21E-06,4.15E-06,7.53E-07,5.512338792,3.11874411,3.421105678,0.620626889,37.921154,6.879322087,4.48E-06,89,BCRP,Yes,0.062515029,0.070555948,1.1564,N/A,354.417,0.08,0.38,-21.1,3,9,133,0,6,c1cc(cc(c1)S(=O)(=O)N)NC(=O)CSc2nnnn2C3CC3,M2205023,0.43,-3.29,inactive,0.155,Noninhibitor,0.969,Noninhibitor,0.938,Noninhibitor,0.938,Noninhibitor,0.844,Noninhibitor,0.859,-1.97,143.7127069,-7.2,205.3323613,-7,41.06491438,-7.7,124.6801787,-8.4,53.580939,-8,87.08826777,-7,314.2557165,-8.2,55.51190164,-8.6,114.0949504,-7.7,115.9998774,-7.6,86.18457128,-7.2,567.9947193,-8.4,139.4041157,-6.7,165.455361,-7.6,NA,NA,296.6245844,-8.1,510.2973572,-8.8
ZINC09350346,FALSE,8.80E-06,4.48E-06,1.73E-05,1.63E-06,2.70E-06,1.16E-06,1.16E-06,2.70E-06,N/A,3.20E-06,7.43E-06,3.01E-07,3.78E-06,1.93E-06,1.93E-06,1.93E-06,1.02E-05,1.87E-06,5.44471708,1.963743332,5.28470819,0.970612084,33.80679507,6.209100413,5.31E-06,90,BCRP,Yes,0.025892968,0.045132336,1.251,N/A,322.354,-0.01,6.16,-19.67,0,10,105,0,4,Cn1c2c(c(=O)n(c1=O)C)n(cn2)CCSc3nnnn3C,M811268,-0.442,-2.17,inactive,0.142,Noninhibitor,1,Noninhibitor,0.984,Noninhibitor,0.969,Noninhibitor,0.812,Noninhibitor,0.672,-1.08,154.5441598,-6.5,194.2819734,-6.3,54.33756251,-7.1,127.099839,-8.5,80.76089565,-7.5,111.393624,-6.8,285.5266076,-7.8,48.44838449,-8.1,113.3876928,-8,115.4129564,-7.4,117.9698369,-6.7,886.4011456,-7.9,130.9405007,-6.4,173.2257747,-7.1,NA,NA,389.5557411,-7.7,743.1310563,-7.6
ZINC71824795,FALSE,8.80E-06,3.20E-06,1.73E-05,4.48E-06,1.38E-06,1.16E-06,1.16E-06,1.93E-06,N/A,1.04E-05,1.73E-05,3.01E-07,1.04E-05,5.30E-06,4.48E-06,4.89E-06,9.76E-06,2.02E-06,4.827326104,2.129006154,1.99459479,0.413188326,32.38713723,6.709125619,1.39E-05,91,BCRP,Yes,0.004494371,0.060278705,1.5747,N/A,326.813,2.08,3.63,-7.7,0,7,67,0,4,COc1ccnc(n1)N2CCN(CC2)Cc3c(snn3)Cl,M8178778,1.41,-2.24,inactive,7.11E-02,Noninhibitor,0.797,Noninhibitor,0.703,Noninhibitor,0.703,Noninhibitor,0.859,Inhibitor,0.453,-2.42,184.7628612,-6.5,161.8989761,-6.6,173.9780038,-7.1,94.61061499,-7.7,85.54511694,-7.4,69.0531069,-6.5,191.1299675,-7.7,115.9202518,-8.1,146.5588234,-7.3,132.1745221,-7.1,60.37390112,-6.5,773.8191497,-7.9,NA,NA,173.0931065,-6.7,141.9392041,-8,261.5614226,-7.8,264.3917216,-7.9
ZINC09836446,FALSE,9.81E-07,1.16E-06,6.28E-06,3.01E-07,8.29E-07,5.91E-07,5.91E-07,3.57E-07,N/A,1.63E-06,2.28E-06,9.25E-08,9.81E-07,2.54E-07,2.15E-07,2.35E-07,2.81E-06,5.34E-07,5.256437977,4.180821639,11.95837387,2.274995715,30.35337722,5.774514481,1.95E-06,92,BCRP,Yes,0.000547547,0.014098606,1.1425,N/A,362.371,-0.92,-5.99,-29.5,3,10,141,0,4,Cn1c2c(cn1)c(=O)n(cn2)CC(=O)Nc3cccc(c3)S(=O)(=O)N,M1949776,0.392,-3.6,inactive,0.332,Noninhibitor,0.562,Noninhibitor,0.844,Noninhibitor,0.922,Noninhibitor,0.938,Noninhibitor,0.766,-2.03,187.6357122,-8.1,209.3082119,-7,30.62669349,-8,131.9652051,-9.4,69.74066007,-8.5,74.18263092,-7.1,254.4760894,-9.3,95.87624686,-8.6,123.6411342,-8.5,128.3596179,-8.6,93.20362894,-7.4,766.0289612,-7.9,122.0340705,-7.4,145.909792,-7.3,NA,NA,396.4489326,-8.8,273.9672887,-8.3
ZINC89741482,FALSE,1.04E-05,4.48E-06,4.48E-06,7.00E-07,1.63E-06,1.16E-06,1.16E-06,1.63E-06,N/A,2.70E-06,4.48E-06,2.15E-07,5.30E-06,1.38E-06,4.48E-06,2.93E-06,6.46E-06,1.26E-06,5.142012468,1.811482719,2.205930508,0.429001392,30.04070137,5.842207027,3.59E-06,93,BCRP,Yes,-0.004777588,0.023089109,1.3153,N/A,340.844,1.43,3.98,-12.92,0,8,76,0,3,Cn1c(nnn1)N2CCC[C@@H]3[C@@H]2CN(C3)Cc4c(snn4)Cl,M84677773,1.51,-2.34,inactive,0.167,Noninhibitor,0.906,Noninhibitor,0.547,Noninhibitor,0.609,Noninhibitor,0.734,Noninhibitor,0.531,-2.29,95.16774643,-7.2,164.4964789,-7.3,93.05423325,-6.9,93.72380663,-8.4,86.22710957,-7,75.47511556,-6.9,279.8635686,-7.9,157.3418665,-8.1,123.5557885,-7.9,126.7838985,-7.9,106.2760404,-6.9,725.1396105,-8.5,NA,NA,147.9178888,-7.2,172.9924128,-7.8,210.6108639,-7.8,762.4574948,-8.3
ZINC33326619,FALSE,1.09E-07,1.53E-07,7.00E-07,4.22E-07,9.81E-07,7.81E-08,7.81E-08,1.53E-07,N/A,1.63E-06,1.16E-06,1.53E-07,3.20E-06,9.25E-08,2.84E-08,6.04E-08,3.21E-07,3.43E-07,0.937041239,52.90026074,5.312737081,5.669693993,2.092867659,2.233485115,1.39E-06,94,MSBA,Yes,0.012166173,0.03737986,1.248030673,N/A,480.564,2.78,3.46,-20.99,2,7,109,0,7,c1cc(sc1)S(=O)(=O)[C@H](CNS(=O)(=O)c2ccc3c(c2)CC(=O)N3)c4ccc(cc4)F,M84677783,2.29,-4.15,inactive,-8.47E-03,Inhibitor,0.219,Noninhibitor,0.5,Inhibitor,0.391,Inhibitor,0.266,Noninhibitor,0.875,-3.88,0.585040495,-8.4,37.49265858,-8.2,1.34443505,-9.5,56.21163788,-9.8,6.883583068,-9.3,47.43125486,-7.8,198.3359623,-9,111.5881539,-9.7,142.2801807,-9.7,222.7924358,-8.6,59.00751552,-8.6,616.837352,-8.4,NA,NA,132.7386619,-8.2,299.6776728,-7.9,264.6294629,-9.5,597.5094279,-8.7
ZINC07006681,FALSE,3.78E-06,5.00E-07,5.00E-07,2.70E-06,3.20E-06,6.28E-06,6.28E-06,1.38E-06,N/A,1.93E-06,2.28E-06,3.20E-06,2.04E-05,5.00E-07,5.00E-07,5.00E-07,1.59E-06,3.97E-06,0.402107631,40.9228601,3.190919867,7.935486969,0.498807424,1.240482361,2.10E-06,95,MSBA,Yes,0.043693242,0.222002856,2.079888463,N/A,378.45,3.85,-1.76,-16.88,0,5,59,0,7,c1ccc(cc1)S(=O)(=O)N(CCOc2ccc(cc2)F)c3nccs3,M805424,3.38,-5.33,inactive,8.94E-02,Inhibitor,0.297,Noninhibitor,0.531,Inhibitor,0,Inhibitor,4.69E-02,Inhibitor,0.469,-4.02,0.419154676,-7.9,82.57199144,-7.3,1.691210729,-7.5,222.8467635,-8.7,1.811786585,-7.9,66.32344456,-7.5,240.8530089,-7.6,192.5830062,-8.6,116.4622445,-7.7,252.9952609,-8.1,31.70726196,-7,672.9686101,-8.3,94.70949604,-6.8,184.527373,-7.6,NA,NA,140.0728346,-8,441.7912594,-7.8
ZINC84559953,TRUE,2.84E-08,5.00E-07,4.22E-07,1.93E-06,3.20E-06,6.60E-08,6.60E-08,6.28E-06,N/A,1.16E-06,9.81E-07,7.00E-07,6.28E-06,1.53E-07,1.82E-07,1.67E-07,3.17E-07,2.31E-06,0.137317835,37.47891342,1.89106863,13.77147134,0.452319853,3.293962891,1.07E-06,96,MSBA,Yes,0.106061149,0.839092752,3.104,N/A,406.532,4.62,10.05,-20.42,0,4,60,0,6,c1ccc(cc1)c2c3ccccc3c(nn2)SCCS(=O)(=O)c4ccccc4,M3907313,4.05,-5.84,inactive,0.205,Inhibitor,0.141,Inhibitor,0.469,Inhibitor,7.81E-02,Inhibitor,3.12E-02,Noninhibitor,0.875,-5.33,0.539089805,-8.7,140.7303722,-7.8,2.036439492,-10.3,134.4982158,-10.3,10.58179569,-8.6,74.57907962,-7,174.6052086,-8.9,165.1615133,-8,121.8661913,-9.5,179.734537,-9.5,77.94121795,-7.7,199.0070881,-9,NA,NA,159.5965473,-8.2,179.5389183,-7.6,196.8211855,-7.2,353.6949073,-8.3
ZINC12577459,FALSE,3.01E-07,2.54E-07,7.00E-07,3.01E-07,2.70E-06,4.22E-07,4.22E-07,3.20E-06,N/A,1.63E-06,8.29E-07,5.91E-07,4.48E-06,2.15E-07,3.98E-08,1.27E-07,4.19E-07,1.41E-06,0.297230223,35.17019019,3.286906305,11.05845249,0.707728652,2.381079029,1.23E-06,97,MSBA,Yes,-0.022151137,0.364217876,3.756128732,N/A,426.925,3.56,8.58,-20.48,1,5,72,0,6,c1ccc(cc1)S(=O)(=O)Cc2nc3ccccc3n2C[C@@H](c4ccc(cc4)Cl)O,M84677780,3.56,-4.75,inactive,0.138,Inhibitor,0.172,Noninhibitor,0.547,Inhibitor,0.141,Inhibitor,0.156,Inhibitor,0.375,-5.05,0.633260968,-8.4,165.3311313,-8.8,1.044588381,-8.9,84.8835848,-10.1,NA,NA,105.7402692,-7.7,163.9738579,-8.8,133.5987169,-9,188.5766514,-8.7,215.8272412,-8.8,148.1096289,-9.1,561.7615598,-9.4,73.04364984,-8.2,181.8131182,-7.7,NA,NA,NA,NA,486.5008318,-8.9
ZINC11315262,FALSE,2.54E-07,1.82E-07,3.01E-07,3.98E-08,4.22E-07,1.30E-07,1.30E-07,2.54E-07,N/A,2.54E-07,9.81E-07,4.22E-07,4.48E-06,1.53E-07,1.30E-07,1.41E-07,2.46E-07,1.95E-07,1.259625811,31.66035722,1.736963541,1.378952008,0.582198958,0.462199928,6.18E-07,98,MSBA,Yes,0.025652609,0.19895794,1.431416289,N/A,477.941,3.77,1.48,-18.77,0,6,82,0,7,Cc1ccc(cc1F)n2c(cc(c2C)C(=O)COC(=O)c3cc(ccc3Cl)S(=O)(=O)C)C,M1567798,4.45,-5.5,inactive,0.169,Inhibitor,0.328,Noninhibitor,0.688,Inhibitor,9.38E-02,Inhibitor,0.297,Noninhibitor,0.609,-5.65,0.741630932,-8.9,69.59360666,-8.2,145.2303747,-9.4,66.34236853,-9.9,4.180735606,-10.2,55.46649646,-7.5,204.7670756,-9.1,66.62643506,-9.4,131.9284444,-10,63.31923159,-8.7,34.32270958,-7.9,740.9182388,-7.3,217.215378,-8.8,111.7627268,-8.9,NA,NA,417.6254256,-9.6,446.7761345,-9.2